Model,SuccessRate,Collisions,AvgEnergy,AvgPathLength,AvgSteps
Baseline,0.98,2,60.89866805219263,4.418933619352138,48.97
Safe,0.96,4,66.5816984023233,4.90598341126628,55.65
Energy,0.94,6,56.27464236240536,4.082951526600518,45.74
Ours,0.92,2,83.87801407142607,5.369744835480232,67.59
